sku_id,week_start,forecast,forecast_method,forecast_confidence
SKU001,2026-01-05,497.5514867334123,primary_ml,Established
SKU002,2026-01-05,489.0105912698368,primary_ml,Established
SKU003,2026-01-05,482.9659719663315,primary_ml,Established
SKU007,2026-01-05,502.64425745877855,primary_ml,Established
SKU009,2026-01-05,485.8195396181542,primary_ml,Established
SKU010,2026-01-05,471.3058834599627,primary_ml,Established
SKU011,2026-01-05,476.3033165210408,primary_ml,Established
SKU012,2026-01-05,472.017864027439,primary_ml,Established
SKU013,2026-01-05,505.8998817676428,primary_ml,Established
SKU014,2026-01-05,491.3116606629019,primary_ml,Established
SKU015,2026-01-05,493.05127928567134,primary_ml,Established
SKU017,2026-01-05,487.4776327933524,primary_ml,Established
SKU018,2026-01-05,488.3851650141691,primary_ml,Established
SKU019,2026-01-05,485.9859653119465,primary_ml,Established
SKU020,2026-01-05,482.4195938163611,primary_ml,Established
SKU021,2026-01-05,470.2935444545508,primary_ml,Established
SKU023,2026-01-05,479.3510148597863,primary_ml,Established
SKU024,2026-01-05,480.0864937904665,primary_ml,Established
SKU025,2026-01-05,484.05025383589145,primary_ml,Established
SKU026,2026-01-05,488.2636455279804,primary_ml,Established
SKU027,2026-01-05,507.5965703019969,primary_ml,Established
SKU029,2026-01-05,482.7052201733034,primary_ml,Established
SKU030,2026-01-05,475.2874577042457,primary_ml,Established
SKU031,2026-01-05,452.2688178483494,primary_ml,Established
SKU032,2026-01-05,459.62123326659696,primary_ml,Established
SKU033,2026-01-05,451.5210655917079,primary_ml,Established
SKU034,2026-01-05,468.2108752836619,primary_ml,Established
SKU035,2026-01-05,454.7257235616627,primary_ml,Established
SKU036,2026-01-05,461.1391044517584,primary_ml,Established
SKU037,2026-01-05,465.52570210123014,primary_ml,Established
SKU038,2026-01-05,454.4438504903452,primary_ml,Established
SKU039,2026-01-05,478.8414625119343,primary_ml,Established
SKU041,2026-01-05,448.4980067111776,primary_ml,Established
SKU042,2026-01-05,479.80521321424806,primary_ml,Established
SKU043,2026-01-05,468.3115718998656,primary_ml,Established
SKU044,2026-01-05,448.76784637729304,primary_ml,Established
SKU045,2026-01-05,478.59820385051086,primary_ml,Established
SKU046,2026-01-05,455.8359412085527,primary_ml,Established
SKU047,2026-01-05,453.7419922462858,primary_ml,Established
SKU048,2026-01-05,487.0550491300836,primary_ml,Established
SKU050,2026-01-05,467.4390434272032,primary_ml,Established
SKU052,2026-01-05,452.94675302083914,primary_ml,Established
SKU053,2026-01-05,491.03038419028894,primary_ml,Established
SKU054,2026-01-05,481.62759131757855,primary_ml,Established
SKU056,2026-01-05,461.1040672246518,primary_ml,Established
SKU057,2026-01-05,424.30274180153685,primary_ml,Established
SKU058,2026-01-05,376.69389341230897,primary_ml,Established
SKU059,2026-01-05,403.4714580190596,primary_ml,Established
SKU060,2026-01-05,402.2406774094624,primary_ml,Established
SKU061,2026-01-05,370.23433257618115,primary_ml,Established
SKU063,2026-01-05,364.7411324870561,primary_ml,Established
SKU064,2026-01-05,410.4801739664352,primary_ml,Established
SKU065,2026-01-05,416.6908395712372,primary_ml,Established
SKU066,2026-01-05,401.5264318789886,primary_ml,Established
SKU069,2026-01-05,390.17879147936947,primary_ml,Established
SKU070,2026-01-05,416.7500471211672,primary_ml,Established
SKU072,2026-01-05,402.7861416283559,primary_ml,Established
SKU073,2026-01-05,411.26059021667993,primary_ml,Established
SKU074,2026-01-05,406.4307973120336,primary_ml,Established
SKU075,2026-01-05,372.46638395702365,primary_ml,Established
SKU076,2026-01-05,351.12870967074156,primary_ml,Established
SKU077,2026-01-05,348.98971771517074,primary_ml,Established
SKU078,2026-01-05,347.0734603654854,primary_ml,Established
SKU080,2026-01-05,351.18658678601753,primary_ml,Established
SKU081,2026-01-05,352.925415906962,primary_ml,Established
SKU082,2026-01-05,351.88226103771325,primary_ml,Established
SKU085,2026-01-05,353.82442524103186,primary_ml,Established
SKU086,2026-01-05,351.9586827552695,primary_ml,Established
SKU087,2026-01-05,377.1363994418706,primary_ml,Established
SKU089,2026-01-05,380.3883729636404,primary_ml,Established
SKU090,2026-01-05,353.43937886911556,primary_ml,Established
SKU092,2026-01-05,345.9419066381375,primary_ml,Established
SKU093,2026-01-05,343.2387412758664,primary_ml,Established
SKU094,2026-01-05,330.88736763623456,primary_ml,Established
SKU095,2026-01-05,346.70927865208864,primary_ml,Established
SKU097,2026-01-05,334.1524009216369,primary_ml,Established
SKU098,2026-01-05,346.2487689341156,primary_ml,Established
SKU001,2026-01-12,472.6434835711666,primary_ml,Established
SKU002,2026-01-12,462.733092414745,primary_ml,Established
SKU003,2026-01-12,470.05953069742105,primary_ml,Established
SKU007,2026-01-12,455.94175709158145,primary_ml,Established
SKU009,2026-01-12,474.5792298959312,primary_ml,Established
SKU010,2026-01-12,455.5057503869494,primary_ml,Established
SKU011,2026-01-12,450.2273617743221,primary_ml,Established
SKU012,2026-01-12,453.3454881902975,primary_ml,Established
SKU013,2026-01-12,465.9408989591843,primary_ml,Established
SKU014,2026-01-12,465.6711861032197,primary_ml,Established
SKU015,2026-01-12,465.8363286366824,primary_ml,Established
SKU017,2026-01-12,454.0615671338484,primary_ml,Established
SKU018,2026-01-12,460.7062135814931,primary_ml,Established
SKU019,2026-01-12,467.35747407896184,primary_ml,Established
SKU020,2026-01-12,465.55614918556665,primary_ml,Established
SKU021,2026-01-12,448.8530667824376,primary_ml,Established
SKU023,2026-01-12,454.2021640520799,primary_ml,Established
SKU024,2026-01-12,480.08411846345166,primary_ml,Established
SKU025,2026-01-12,466.7313131472785,primary_ml,Established
SKU026,2026-01-12,464.1976655060633,primary_ml,Established
SKU027,2026-01-12,490.0429670939672,primary_ml,Established
SKU029,2026-01-12,472.0368604995053,primary_ml,Established
SKU030,2026-01-12,470.26584045286126,primary_ml,Established
SKU031,2026-01-12,444.18036540384776,primary_ml,Established
SKU032,2026-01-12,442.51786546684633,primary_ml,Established
SKU033,2026-01-12,443.7063131156696,primary_ml,Established
SKU034,2026-01-12,453.2351854927416,primary_ml,Established
SKU035,2026-01-12,444.18036540384776,primary_ml,Established
SKU036,2026-01-12,448.93758050418927,primary_ml,Established
SKU037,2026-01-12,446.47557393234194,primary_ml,Established
SKU038,2026-01-12,443.5130577612548,primary_ml,Established
SKU039,2026-01-12,448.7279487993508,primary_ml,Established
SKU041,2026-01-12,444.80547792540307,primary_ml,Established
SKU042,2026-01-12,450.0349065608157,primary_ml,Established
SKU043,2026-01-12,452.00943941760926,primary_ml,Established
SKU044,2026-01-12,443.6201749772166,primary_ml,Established
SKU045,2026-01-12,417.6790377627512,primary_ml,Established
SKU046,2026-01-12,448.578989473776,primary_ml,Established
SKU047,2026-01-12,431.1713127534997,primary_ml,Established
SKU048,2026-01-12,454.5345443609668,primary_ml,Established
SKU050,2026-01-12,447.3871988863212,primary_ml,Established
SKU052,2026-01-12,411.3510121584643,primary_ml,Established
SKU053,2026-01-12,447.0839063058313,primary_ml,Established
SKU054,2026-01-12,449.7664647173167,primary_ml,Established
SKU056,2026-01-12,443.8742043646634,primary_ml,Established
SKU057,2026-01-12,374.4914628763261,primary_ml,Established
SKU058,2026-01-12,355.05821828178034,primary_ml,Established
SKU059,2026-01-12,366.873084848489,primary_ml,Established
SKU060,2026-01-12,373.8563211834784,primary_ml,Established
SKU061,2026-01-12,354.2621457937177,primary_ml,Established
SKU063,2026-01-12,358.9255889412982,primary_ml,Established
SKU064,2026-01-12,368.575679238293,primary_ml,Established
SKU065,2026-01-12,379.5223763899873,primary_ml,Established
SKU066,2026-01-12,378.0049633389788,primary_ml,Established
SKU069,2026-01-12,362.9043201193951,primary_ml,Established
SKU070,2026-01-12,373.21580442901376,primary_ml,Established
SKU072,2026-01-12,374.7099253869314,primary_ml,Established
SKU073,2026-01-12,377.9426237922463,primary_ml,Established
SKU074,2026-01-12,382.52824672427096,primary_ml,Established
SKU075,2026-01-12,354.2311265392908,primary_ml,Established
SKU076,2026-01-12,333.58360806135397,primary_ml,Established
SKU077,2026-01-12,341.029830649844,primary_ml,Established
SKU078,2026-01-12,332.91478164674186,primary_ml,Established
SKU080,2026-01-12,333.02905331251657,primary_ml,Established
SKU081,2026-01-12,333.016697831068,primary_ml,Established
SKU082,2026-01-12,337.0454145011081,primary_ml,Established
SKU085,2026-01-12,340.9317672077786,primary_ml,Established
SKU086,2026-01-12,343.575400195248,primary_ml,Established
SKU087,2026-01-12,333.97663473128074,primary_ml,Established
SKU089,2026-01-12,340.84152218080976,primary_ml,Established
SKU090,2026-01-12,340.8365420562296,primary_ml,Established
SKU092,2026-01-12,318.3748467826165,primary_ml,Established
SKU093,2026-01-12,317.77453623902585,primary_ml,Established
SKU094,2026-01-12,314.46762246942,primary_ml,Established
SKU095,2026-01-12,318.05023008603234,primary_ml,Established
SKU097,2026-01-12,320.5568617458834,primary_ml,Established
SKU098,2026-01-12,319.2830315779491,primary_ml,Established
SKU001,2026-01-19,469.81693087532625,primary_ml,Established
SKU002,2026-01-19,465.4541056309064,primary_ml,Established
SKU003,2026-01-19,493.8736055360528,primary_ml,Established
SKU007,2026-01-19,462.2445115618768,primary_ml,Established
SKU009,2026-01-19,492.4937136661329,primary_ml,Established
SKU010,2026-01-19,466.0064551568407,primary_ml,Established
SKU011,2026-01-19,497.59696716734976,primary_ml,Established
SKU012,2026-01-19,494.41920223651056,primary_ml,Established
SKU013,2026-01-19,474.1014560748367,primary_ml,Established
SKU014,2026-01-19,464.97792672657863,primary_ml,Established
SKU015,2026-01-19,467.0329778651105,primary_ml,Established
SKU017,2026-01-19,462.8362992078374,primary_ml,Established
SKU018,2026-01-19,467.3698567841022,primary_ml,Established
SKU019,2026-01-19,469.63375812115186,primary_ml,Established
SKU020,2026-01-19,501.76164161142816,primary_ml,Established
SKU021,2026-01-19,470.6063724208859,primary_ml,Established
SKU023,2026-01-19,496.04390941189234,primary_ml,Established
SKU024,2026-01-19,505.181597153349,primary_ml,Established
SKU025,2026-01-19,474.8475960798663,primary_ml,Established
SKU026,2026-01-19,462.6338509199974,primary_ml,Established
SKU027,2026-01-19,487.3583676647544,primary_ml,Established
SKU029,2026-01-19,476.2033769235183,primary_ml,Established
SKU030,2026-01-19,500.11398175701714,primary_ml,Established
SKU031,2026-01-19,490.17296593468166,primary_ml,Established
SKU032,2026-01-19,467.2153704279133,primary_ml,Established
SKU033,2026-01-19,462.39708767332456,primary_ml,Established
SKU034,2026-01-19,464.36290164384366,primary_ml,Established
SKU035,2026-01-19,461.0340834618346,primary_ml,Established
SKU036,2026-01-19,469.51003517887256,primary_ml,Established
SKU037,2026-01-19,464.50083047499567,primary_ml,Established
SKU038,2026-01-19,461.4553872231493,primary_ml,Established
SKU039,2026-01-19,465.4506931663424,primary_ml,Established
SKU041,2026-01-19,463.774388154618,primary_ml,Established
SKU042,2026-01-19,466.4343507410949,primary_ml,Established
SKU043,2026-01-19,467.52408108318184,primary_ml,Established
SKU044,2026-01-19,463.6686016144996,primary_ml,Established
SKU045,2026-01-19,467.3283346111108,primary_ml,Established
SKU046,2026-01-19,464.63686419966416,primary_ml,Established
SKU047,2026-01-19,481.2019390370928,primary_ml,Established
SKU048,2026-01-19,468.512397233651,primary_ml,Established
SKU050,2026-01-19,463.8400496291957,primary_ml,Established
SKU052,2026-01-19,457.4228419227176,primary_ml,Established
SKU053,2026-01-19,465.1622807035861,primary_ml,Established
SKU054,2026-01-19,462.54199771861806,primary_ml,Established
SKU056,2026-01-19,461.3582342631019,primary_ml,Established
SKU057,2026-01-19,383.5065925497149,primary_ml,Established
SKU058,2026-01-19,364.1492584642635,primary_ml,Established
SKU059,2026-01-19,384.6959425801522,primary_ml,Established
SKU060,2026-01-19,374.6514481469781,primary_ml,Established
SKU061,2026-01-19,354.60675387890035,primary_ml,Established
SKU063,2026-01-19,360.934304829606,primary_ml,Established
SKU064,2026-01-19,380.2758991350234,primary_ml,Established
SKU065,2026-01-19,389.0033498581994,primary_ml,Established
SKU066,2026-01-19,392.3272866197363,primary_ml,Established
SKU069,2026-01-19,366.6234539114444,primary_ml,Established
SKU070,2026-01-19,392.0510244293176,primary_ml,Established
SKU072,2026-01-19,404.9253769099618,primary_ml,Established
SKU073,2026-01-19,380.8601135703784,primary_ml,Established
SKU074,2026-01-19,381.8336333676792,primary_ml,Established
SKU075,2026-01-19,361.0825933970169,primary_ml,Established
SKU076,2026-01-19,355.67865654482176,primary_ml,Established
SKU077,2026-01-19,357.3271564418649,primary_ml,Established
SKU078,2026-01-19,349.8574654929331,primary_ml,Established
SKU080,2026-01-19,349.8574654929331,primary_ml,Established
SKU081,2026-01-19,337.4412522399616,primary_ml,Established
SKU082,2026-01-19,355.17697366836,primary_ml,Established
SKU085,2026-01-19,349.94988405385385,primary_ml,Established
SKU086,2026-01-19,334.8121794344742,primary_ml,Established
SKU087,2026-01-19,355.5498198642032,primary_ml,Established
SKU089,2026-01-19,347.7010154589872,primary_ml,Established
SKU090,2026-01-19,326.6760221805801,primary_ml,Established
SKU092,2026-01-19,334.39109379912867,primary_ml,Established
SKU093,2026-01-19,326.50238527895795,primary_ml,Established
SKU094,2026-01-19,335.28783952134336,primary_ml,Established
SKU095,2026-01-19,334.4805675979036,primary_ml,Established
SKU097,2026-01-19,325.0826265696689,primary_ml,Established
SKU098,2026-01-19,321.7302608188239,primary_ml,Established
SKU001,2026-01-26,456.5725090146115,primary_ml,Established
SKU002,2026-01-26,448.6856907624589,primary_ml,Established
SKU003,2026-01-26,462.1355671159759,primary_ml,Established
SKU007,2026-01-26,455.76403913623886,primary_ml,Established
SKU009,2026-01-26,495.31641616686983,primary_ml,Established
SKU010,2026-01-26,453.11610568426875,primary_ml,Established
SKU011,2026-01-26,493.76275512374815,primary_ml,Established
SKU012,2026-01-26,454.29218570961143,primary_ml,Established
SKU013,2026-01-26,452.76616552962855,primary_ml,Established
SKU014,2026-01-26,454.9291919386349,primary_ml,Established
SKU015,2026-01-26,456.44342065067167,primary_ml,Established
SKU017,2026-01-26,456.7509318778163,primary_ml,Established
SKU018,2026-01-26,456.6803863999445,primary_ml,Established
SKU019,2026-01-26,456.89874622687387,primary_ml,Established
SKU020,2026-01-26,458.1924647278846,primary_ml,Established
SKU021,2026-01-26,459.9890421755174,primary_ml,Established
SKU023,2026-01-26,458.12740569317543,primary_ml,Established
SKU024,2026-01-26,475.2690247815367,primary_ml,Established
SKU025,2026-01-26,453.1893959057983,primary_ml,Established
SKU026,2026-01-26,485.18124246032903,primary_ml,Established
SKU027,2026-01-26,456.4046596130424,primary_ml,Established
SKU029,2026-01-26,455.34198117111794,primary_ml,Established
SKU030,2026-01-26,454.61428793295374,primary_ml,Established
SKU031,2026-01-26,454.9780831248836,primary_ml,Established
SKU032,2026-01-26,450.13349683798896,primary_ml,Established
SKU033,2026-01-26,454.5382817856421,primary_ml,Established
SKU034,2026-01-26,449.1880266282061,primary_ml,Established
SKU035,2026-01-26,453.5127358946437,primary_ml,Established
SKU036,2026-01-26,450.8328614602477,primary_ml,Established
SKU037,2026-01-26,454.59621715277746,primary_ml,Established
SKU038,2026-01-26,438.3878880225344,primary_ml,Established
SKU039,2026-01-26,447.58763405722425,primary_ml,Established
SKU041,2026-01-26,450.2804994588611,primary_ml,Established
SKU042,2026-01-26,452.5629622837273,primary_ml,Established
SKU043,2026-01-26,451.7257262511253,primary_ml,Established
SKU044,2026-01-26,454.59621715277746,primary_ml,Established
SKU045,2026-01-26,443.7103781967899,primary_ml,Established
SKU046,2026-01-26,451.9629466496403,primary_ml,Established
SKU047,2026-01-26,429.3477128284002,primary_ml,Established
SKU048,2026-01-26,453.1879733898817,primary_ml,Established
SKU050,2026-01-26,451.4476827194624,primary_ml,Established
SKU052,2026-01-26,433.19539087266554,primary_ml,Established
SKU053,2026-01-26,449.6214192085958,primary_ml,Established
SKU054,2026-01-26,452.27237316894855,primary_ml,Established
SKU056,2026-01-26,457.8203163545222,primary_ml,Established
SKU057,2026-01-26,367.9694689984259,primary_ml,Established
SKU058,2026-01-26,358.41994148166475,primary_ml,Established
SKU059,2026-01-26,358.7044373457164,primary_ml,Established
SKU060,2026-01-26,363.3419011869956,primary_ml,Established
SKU061,2026-01-26,351.8361421148712,primary_ml,Established
SKU063,2026-01-26,348.11317095479717,primary_ml,Established
SKU064,2026-01-26,357.52791589372373,primary_ml,Established
SKU065,2026-01-26,361.60512005067545,primary_ml,Established
SKU066,2026-01-26,370.54405496990734,primary_ml,Established
SKU069,2026-01-26,357.93560029750046,primary_ml,Established
SKU070,2026-01-26,368.18006628966145,primary_ml,Established
SKU072,2026-01-26,378.88614427908294,primary_ml,Established
SKU073,2026-01-26,357.4070390586524,primary_ml,Established
SKU074,2026-01-26,357.56600691497613,primary_ml,Established
SKU075,2026-01-26,358.38130942440057,primary_ml,Established
SKU076,2026-01-26,339.5542093173355,primary_ml,Established
SKU077,2026-01-26,340.5222531635547,primary_ml,Established
SKU078,2026-01-26,340.58471948273797,primary_ml,Established
SKU080,2026-01-26,349.5324797945635,primary_ml,Established
SKU081,2026-01-26,357.44727163092284,primary_ml,Established
SKU082,2026-01-26,339.46303067516305,primary_ml,Established
SKU085,2026-01-26,341.06330132283654,primary_ml,Established
SKU086,2026-01-26,346.70894378172204,primary_ml,Established
SKU087,2026-01-26,342.8137112113373,primary_ml,Established
SKU089,2026-01-26,337.95035440279014,primary_ml,Established
SKU090,2026-01-26,321.96479518133174,primary_ml,Established
SKU092,2026-01-26,316.08564709702483,primary_ml,Established
SKU093,2026-01-26,313.4993413127394,primary_ml,Established
SKU094,2026-01-26,314.3250337021152,primary_ml,Established
SKU095,2026-01-26,319.42153182832084,primary_ml,Established
SKU097,2026-01-26,317.2085114260275,primary_ml,Established
SKU098,2026-01-26,316.90109881164653,primary_ml,Established
SKU001,2026-02-02,468.9865430113507,primary_ml,Established
SKU002,2026-02-02,469.01070011043583,primary_ml,Established
SKU003,2026-02-02,468.75723277460975,primary_ml,Established
SKU007,2026-02-02,471.1222712036193,primary_ml,Established
SKU009,2026-02-02,471.2563638750293,primary_ml,Established
SKU010,2026-02-02,467.0175439397244,primary_ml,Established
SKU011,2026-02-02,479.4205774003942,primary_ml,Established
SKU012,2026-02-02,476.5143007747781,primary_ml,Established
SKU013,2026-02-02,471.8223904694855,primary_ml,Established
SKU014,2026-02-02,473.3339298660265,primary_ml,Established
SKU015,2026-02-02,472.6910895057214,primary_ml,Established
SKU017,2026-02-02,485.460998674289,primary_ml,Established
SKU018,2026-02-02,471.86413139824145,primary_ml,Established
SKU019,2026-02-02,480.2264075287806,primary_ml,Established
SKU020,2026-02-02,480.467004529256,primary_ml,Established
SKU021,2026-02-02,465.3895951477997,primary_ml,Established
SKU023,2026-02-02,470.910165793324,primary_ml,Established
SKU024,2026-02-02,488.6632574030276,primary_ml,Established
SKU025,2026-02-02,472.5677741764975,primary_ml,Established
SKU026,2026-02-02,481.8927807742216,primary_ml,Established
SKU027,2026-02-02,485.0901843108865,primary_ml,Established
SKU029,2026-02-02,471.46555762785766,primary_ml,Established
SKU030,2026-02-02,471.77435043585416,primary_ml,Established
SKU031,2026-02-02,470.23851753279774,primary_ml,Established
SKU032,2026-02-02,467.5342932206106,primary_ml,Established
SKU033,2026-02-02,473.3776312058296,primary_ml,Established
SKU034,2026-02-02,467.3664134081974,primary_ml,Established
SKU035,2026-02-02,469.3335649140372,primary_ml,Established
SKU036,2026-02-02,466.63028877356305,primary_ml,Established
SKU037,2026-02-02,467.58264755059986,primary_ml,Established
SKU038,2026-02-02,466.9379792354529,primary_ml,Established
SKU039,2026-02-02,478.80890214582337,primary_ml,Established
SKU041,2026-02-02,458.7037348902668,primary_ml,Established
SKU042,2026-02-02,471.391691306632,primary_ml,Established
SKU043,2026-02-02,466.58255822083214,primary_ml,Established
SKU044,2026-02-02,467.7637585207719,primary_ml,Established
SKU045,2026-02-02,469.8724540759367,primary_ml,Established
SKU046,2026-02-02,467.39943435083865,primary_ml,Established
SKU047,2026-02-02,449.915374074393,primary_ml,Established
SKU048,2026-02-02,462.41125924714635,primary_ml,Established
SKU050,2026-02-02,466.5980514946446,primary_ml,Established
SKU052,2026-02-02,446.047547373169,primary_ml,Established
SKU053,2026-02-02,471.2923794327991,primary_ml,Established
SKU054,2026-02-02,470.60823048540954,primary_ml,Established
SKU056,2026-02-02,465.3622110108928,primary_ml,Established
SKU057,2026-02-02,394.42247630400993,primary_ml,Established
SKU058,2026-02-02,365.8883533034524,primary_ml,Established
SKU059,2026-02-02,394.4895893829168,primary_ml,Established
SKU060,2026-02-02,371.76284368737953,primary_ml,Established
SKU061,2026-02-02,362.3248819181521,primary_ml,Established
SKU063,2026-02-02,361.82474168129266,primary_ml,Established
SKU064,2026-02-02,370.3762688756567,primary_ml,Established
SKU065,2026-02-02,398.02178726989206,primary_ml,Established
SKU066,2026-02-02,393.525385448479,primary_ml,Established
SKU069,2026-02-02,371.7963944777368,primary_ml,Established
SKU070,2026-02-02,390.1032639339748,primary_ml,Established
SKU072,2026-02-02,398.70421354391755,primary_ml,Established
SKU073,2026-02-02,387.9856274157892,primary_ml,Established
SKU074,2026-02-02,387.771181278247,primary_ml,Established
SKU075,2026-02-02,369.7188498169408,primary_ml,Established
SKU076,2026-02-02,341.07591966269644,primary_ml,Established
SKU077,2026-02-02,334.63747293079143,primary_ml,Established
SKU078,2026-02-02,342.7064864164752,primary_ml,Established
SKU080,2026-02-02,342.459270235812,primary_ml,Established
SKU081,2026-02-02,349.3831638972576,primary_ml,Established
SKU082,2026-02-02,347.9980331522083,primary_ml,Established
SKU085,2026-02-02,340.72574225824536,primary_ml,Established
SKU086,2026-02-02,357.05686119416214,primary_ml,Established
SKU087,2026-02-02,353.8384903614392,primary_ml,Established
SKU089,2026-02-02,334.06944621921684,primary_ml,Established
SKU090,2026-02-02,348.372135642824,primary_ml,Established
SKU092,2026-02-02,324.16987738532276,primary_ml,Established
SKU093,2026-02-02,324.3787372991906,primary_ml,Established
SKU094,2026-02-02,324.4309735496139,primary_ml,Established
SKU095,2026-02-02,325.05570068851506,primary_ml,Established
SKU097,2026-02-02,322.27489600071743,primary_ml,Established
SKU098,2026-02-02,324.5611448697268,primary_ml,Established
SKU001,2026-02-09,469.97569672117623,primary_ml,Established
SKU002,2026-02-09,465.361803833851,primary_ml,Established
SKU003,2026-02-09,481.0208010264956,primary_ml,Established
SKU007,2026-02-09,468.0194472694114,primary_ml,Established
SKU009,2026-02-09,476.0824000066937,primary_ml,Established
SKU010,2026-02-09,473.301841957197,primary_ml,Established
SKU011,2026-02-09,475.3429672950652,primary_ml,Established
SKU012,2026-02-09,473.65959252548095,primary_ml,Established
SKU013,2026-02-09,465.81467189692023,primary_ml,Established
SKU014,2026-02-09,470.385816083579,primary_ml,Established
SKU015,2026-02-09,468.56789840608553,primary_ml,Established
SKU017,2026-02-09,474.0898341188719,primary_ml,Established
SKU018,2026-02-09,478.18674013439943,primary_ml,Established
SKU019,2026-02-09,468.9164037812604,primary_ml,Established
SKU020,2026-02-09,472.81701940013374,primary_ml,Established
SKU021,2026-02-09,466.5524938881993,primary_ml,Established
SKU023,2026-02-09,469.1775022544338,primary_ml,Established
SKU024,2026-02-09,496.5970098561816,primary_ml,Established
SKU025,2026-02-09,465.44306364143154,primary_ml,Established
SKU026,2026-02-09,472.28886297809635,primary_ml,Established
SKU027,2026-02-09,473.81947126501376,primary_ml,Established
SKU029,2026-02-09,465.5069528776785,primary_ml,Established
SKU030,2026-02-09,473.3306654317184,primary_ml,Established
SKU031,2026-02-09,472.1376588557346,primary_ml,Established
SKU032,2026-02-09,472.7809862990148,primary_ml,Established
SKU033,2026-02-09,472.688542963444,primary_ml,Established
SKU034,2026-02-09,464.975418513238,primary_ml,Established
SKU035,2026-02-09,466.8377774677342,primary_ml,Established
SKU036,2026-02-09,465.9369735623107,primary_ml,Established
SKU037,2026-02-09,471.73345319528374,primary_ml,Established
SKU038,2026-02-09,471.8411603874863,primary_ml,Established
SKU039,2026-02-09,472.6560527969017,primary_ml,Established
SKU041,2026-02-09,468.0977874411713,primary_ml,Established
SKU042,2026-02-09,466.72855320505073,primary_ml,Established
SKU043,2026-02-09,464.9605475946918,primary_ml,Established
SKU044,2026-02-09,467.3297060894519,primary_ml,Established
SKU045,2026-02-09,471.8983151315174,primary_ml,Established
SKU046,2026-02-09,468.08839066338714,primary_ml,Established
SKU047,2026-02-09,461.8008417001049,primary_ml,Established
SKU048,2026-02-09,469.43260302011623,primary_ml,Established
SKU050,2026-02-09,467.8135101040641,primary_ml,Established
SKU052,2026-02-09,466.5206166429801,primary_ml,Established
SKU053,2026-02-09,472.39366209901107,primary_ml,Established
SKU054,2026-02-09,465.0078116351327,primary_ml,Established
SKU056,2026-02-09,467.9940782200211,primary_ml,Established
SKU057,2026-02-09,370.870364735357,primary_ml,Established
SKU058,2026-02-09,358.3327274984307,primary_ml,Established
SKU059,2026-02-09,371.745909683036,primary_ml,Established
SKU060,2026-02-09,358.9586477951537,primary_ml,Established
SKU061,2026-02-09,362.4205055402077,primary_ml,Established
SKU063,2026-02-09,368.3587802182946,primary_ml,Established
SKU064,2026-02-09,367.52295341537285,primary_ml,Established
SKU065,2026-02-09,387.4567878915075,primary_ml,Established
SKU066,2026-02-09,387.790643877248,primary_ml,Established
SKU069,2026-02-09,366.5542472026002,primary_ml,Established
SKU070,2026-02-09,380.2535667006997,primary_ml,Established
SKU072,2026-02-09,397.99456091899305,primary_ml,Established
SKU073,2026-02-09,370.09395277165294,primary_ml,Established
SKU074,2026-02-09,379.1070012265127,primary_ml,Established
SKU075,2026-02-09,352.97579182584485,primary_ml,Established
SKU076,2026-02-09,324.49869383698115,primary_ml,Established
SKU077,2026-02-09,326.6669284879009,primary_ml,Established
SKU078,2026-02-09,340.60150929596097,primary_ml,Established
SKU080,2026-02-09,329.9053946799949,primary_ml,Established
SKU081,2026-02-09,353.05332289866493,primary_ml,Established
SKU082,2026-02-09,341.4784594775604,primary_ml,Established
SKU085,2026-02-09,338.81641693488575,primary_ml,Established
SKU086,2026-02-09,334.8117296280814,primary_ml,Established
SKU087,2026-02-09,364.7959073721952,primary_ml,Established
SKU089,2026-02-09,322.8785748146698,primary_ml,Established
SKU090,2026-02-09,342.75860623020344,primary_ml,Established
SKU092,2026-02-09,322.1399456297261,primary_ml,Established
SKU093,2026-02-09,323.1338248318639,primary_ml,Established
SKU094,2026-02-09,322.6155808644647,primary_ml,Established
SKU095,2026-02-09,322.1019271534555,primary_ml,Established
SKU097,2026-02-09,332.4540248301944,primary_ml,Established
SKU098,2026-02-09,324.4194852211011,primary_ml,Established
SKU001,2026-02-16,470.2983527430432,primary_ml,Established
SKU002,2026-02-16,468.2368363982545,primary_ml,Established
SKU003,2026-02-16,471.8332280577153,primary_ml,Established
SKU007,2026-02-16,467.90746027354703,primary_ml,Established
SKU009,2026-02-16,495.5333834908495,primary_ml,Established
SKU010,2026-02-16,465.9073743317996,primary_ml,Established
SKU011,2026-02-16,482.6977384360195,primary_ml,Established
SKU012,2026-02-16,476.4186865056928,primary_ml,Established
SKU013,2026-02-16,465.6014831165631,primary_ml,Established
SKU014,2026-02-16,465.1436543134083,primary_ml,Established
SKU015,2026-02-16,467.0153865533151,primary_ml,Established
SKU017,2026-02-16,471.71214596285125,primary_ml,Established
SKU018,2026-02-16,466.9925652085074,primary_ml,Established
SKU019,2026-02-16,465.6113559038188,primary_ml,Established
SKU020,2026-02-16,467.2994037630033,primary_ml,Established
SKU021,2026-02-16,504.351314353793,primary_ml,Established
SKU023,2026-02-16,471.5211471783201,primary_ml,Established
SKU024,2026-02-16,489.4383684912745,primary_ml,Established
SKU025,2026-02-16,463.81979922548663,primary_ml,Established
SKU026,2026-02-16,474.3399821789648,primary_ml,Established
SKU027,2026-02-16,474.0955428344212,primary_ml,Established
SKU029,2026-02-16,463.2306752218994,primary_ml,Established
SKU030,2026-02-16,469.1089792970188,primary_ml,Established
SKU031,2026-02-16,472.4178449530133,primary_ml,Established
SKU032,2026-02-16,474.2192340850318,primary_ml,Established
SKU033,2026-02-16,466.8703549878306,primary_ml,Established
SKU034,2026-02-16,467.33254351376814,primary_ml,Established
SKU035,2026-02-16,464.27857031049285,primary_ml,Established
SKU036,2026-02-16,467.53787985825056,primary_ml,Established
SKU037,2026-02-16,468.35899842984986,primary_ml,Established
SKU038,2026-02-16,470.3226766991023,primary_ml,Established
SKU039,2026-02-16,471.1648891438608,primary_ml,Established
SKU041,2026-02-16,470.4054506260382,primary_ml,Established
SKU042,2026-02-16,465.88425346881064,primary_ml,Established
SKU043,2026-02-16,475.52193973220943,primary_ml,Established
SKU044,2026-02-16,466.1811353390193,primary_ml,Established
SKU045,2026-02-16,472.7896921980875,primary_ml,Established
SKU046,2026-02-16,479.83964480504704,primary_ml,Established
SKU047,2026-02-16,473.1492400955577,primary_ml,Established
SKU048,2026-02-16,468.7379791398093,primary_ml,Established
SKU050,2026-02-16,470.07384482389153,primary_ml,Established
SKU052,2026-02-16,505.90948532525533,primary_ml,Established
SKU053,2026-02-16,466.2334733345753,primary_ml,Established
SKU054,2026-02-16,470.57343723656766,primary_ml,Established
SKU056,2026-02-16,470.4278494484659,primary_ml,Established
SKU057,2026-02-16,397.6233906500257,primary_ml,Established
SKU058,2026-02-16,360.63016612737806,primary_ml,Established
SKU059,2026-02-16,378.6698767112849,primary_ml,Established
SKU060,2026-02-16,365.9793147256222,primary_ml,Established
SKU061,2026-02-16,353.828631498204,primary_ml,Established
SKU063,2026-02-16,360.62737230142926,primary_ml,Established
SKU064,2026-02-16,364.2531062353743,primary_ml,Established
SKU065,2026-02-16,394.48330415836847,primary_ml,Established
SKU066,2026-02-16,393.2690262455262,primary_ml,Established
SKU069,2026-02-16,359.3345926825988,primary_ml,Established
SKU070,2026-02-16,403.7011232807041,primary_ml,Established
SKU072,2026-02-16,398.3824784373352,primary_ml,Established
SKU073,2026-02-16,374.8324990029517,primary_ml,Established
SKU074,2026-02-16,375.47587155447786,primary_ml,Established
SKU075,2026-02-16,368.8366123360876,primary_ml,Established
SKU076,2026-02-16,327.88538243729,primary_ml,Established
SKU077,2026-02-16,350.6429151847051,primary_ml,Established
SKU078,2026-02-16,337.6848701982369,primary_ml,Established
SKU080,2026-02-16,344.7977288745492,primary_ml,Established
SKU081,2026-02-16,357.547499139105,primary_ml,Established
SKU082,2026-02-16,351.5047743174486,primary_ml,Established
SKU085,2026-02-16,338.3535471625771,primary_ml,Established
SKU086,2026-02-16,343.66292312139706,primary_ml,Established
SKU087,2026-02-16,361.98054390100583,primary_ml,Established
SKU089,2026-02-16,336.8958082945054,primary_ml,Established
SKU090,2026-02-16,339.2114184458889,primary_ml,Established
SKU092,2026-02-16,327.30199186312063,primary_ml,Established
SKU093,2026-02-16,331.9452177371816,primary_ml,Established
SKU094,2026-02-16,324.27968643235425,primary_ml,Established
SKU095,2026-02-16,323.04545692505576,primary_ml,Established
SKU097,2026-02-16,322.6336411311538,primary_ml,Established
SKU098,2026-02-16,325.1671988552558,primary_ml,Established
SKU001,2026-02-23,478.3021282690868,primary_ml,Established
SKU002,2026-02-23,487.97675333211777,primary_ml,Established
SKU003,2026-02-23,467.1828891393856,primary_ml,Established
SKU007,2026-02-23,478.3021282690868,primary_ml,Established
SKU009,2026-02-23,492.32930199380417,primary_ml,Established
SKU010,2026-02-23,497.3636312062432,primary_ml,Established
SKU011,2026-02-23,495.43909378414463,primary_ml,Established
SKU012,2026-02-23,461.7811388952345,primary_ml,Established
SKU013,2026-02-23,496.5076334820914,primary_ml,Established
SKU014,2026-02-23,497.62818655238806,primary_ml,Established
SKU015,2026-02-23,462.11452673905194,primary_ml,Established
SKU017,2026-02-23,500.0443561540465,primary_ml,Established
SKU018,2026-02-23,477.5656877983019,primary_ml,Established
SKU019,2026-02-23,487.11000519345583,primary_ml,Established
SKU020,2026-02-23,503.2035410145639,primary_ml,Established
SKU021,2026-02-23,465.63581838635935,primary_ml,Established
SKU023,2026-02-23,504.6359773942029,primary_ml,Established
SKU024,2026-02-23,497.2908112426654,primary_ml,Established
SKU025,2026-02-23,488.63723288722497,primary_ml,Established
SKU026,2026-02-23,487.7730929060179,primary_ml,Established
SKU027,2026-02-23,500.0443561540465,primary_ml,Established
SKU029,2026-02-23,497.5968587881335,primary_ml,Established
SKU030,2026-02-23,470.3290197945712,primary_ml,Established
SKU031,2026-02-23,497.37438162075335,primary_ml,Established
SKU032,2026-02-23,498.0196027966985,primary_ml,Established
SKU033,2026-02-23,495.7024130986626,primary_ml,Established
SKU034,2026-02-23,496.20562598755714,primary_ml,Established
SKU035,2026-02-23,497.86141413427833,primary_ml,Established
SKU036,2026-02-23,462.0560649700709,primary_ml,Established
SKU037,2026-02-23,472.38809809707345,primary_ml,Established
SKU038,2026-02-23,496.6477962996406,primary_ml,Established
SKU039,2026-02-23,466.6816681583984,primary_ml,Established
SKU041,2026-02-23,468.20333946137185,primary_ml,Established
SKU042,2026-02-23,460.25730806489264,primary_ml,Established
SKU043,2026-02-23,495.7818617701445,primary_ml,Established
SKU044,2026-02-23,472.04077884808373,primary_ml,Established
SKU045,2026-02-23,480.0214076096402,primary_ml,Established
SKU046,2026-02-23,467.6005025504195,primary_ml,Established
SKU047,2026-02-23,497.2606352518441,primary_ml,Established
SKU048,2026-02-23,472.38809809707345,primary_ml,Established
SKU050,2026-02-23,498.23037934490515,primary_ml,Established
SKU052,2026-02-23,466.57446395614573,primary_ml,Established
SKU053,2026-02-23,468.09776671531193,primary_ml,Established
SKU054,2026-02-23,461.58863624380234,primary_ml,Established
SKU056,2026-02-23,459.8877389493687,primary_ml,Established
SKU057,2026-02-23,375.2409977266964,primary_ml,Established
SKU058,2026-02-23,367.8781223015891,primary_ml,Established
SKU059,2026-02-23,411.8532487121544,primary_ml,Established
SKU060,2026-02-23,401.96297783663977,primary_ml,Established
SKU061,2026-02-23,399.0931720476093,primary_ml,Established
SKU063,2026-02-23,400.6274580015929,primary_ml,Established
SKU064,2026-02-23,424.143384181946,primary_ml,Established
SKU065,2026-02-23,395.50414391953075,primary_ml,Established
SKU066,2026-02-23,391.94777052553536,primary_ml,Established
SKU069,2026-02-23,405.1479478082673,primary_ml,Established
SKU070,2026-02-23,416.43214148778094,primary_ml,Established
SKU072,2026-02-23,400.4437714994032,primary_ml,Established
SKU073,2026-02-23,395.3816053576746,primary_ml,Established
SKU074,2026-02-23,402.92053370378767,primary_ml,Established
SKU075,2026-02-23,365.061865340972,primary_ml,Established
SKU076,2026-02-23,355.83305329480186,primary_ml,Established
SKU077,2026-02-23,351.65397358933535,primary_ml,Established
SKU078,2026-02-23,357.4627804310419,primary_ml,Established
SKU080,2026-02-23,360.43426041839535,primary_ml,Established
SKU081,2026-02-23,360.7681223564495,primary_ml,Established
SKU082,2026-02-23,352.2894989806529,primary_ml,Established
SKU085,2026-02-23,357.4627804310419,primary_ml,Established
SKU086,2026-02-23,359.7201796242963,primary_ml,Established
SKU087,2026-02-23,361.6555045457314,primary_ml,Established
SKU089,2026-02-23,355.0512403714965,primary_ml,Established
SKU090,2026-02-23,385.3626415975434,primary_ml,Established
SKU092,2026-02-23,342.9373038249821,primary_ml,Established
SKU093,2026-02-23,333.2417040435269,primary_ml,Established
SKU094,2026-02-23,351.5376159879054,primary_ml,Established
SKU095,2026-02-23,322.1195850476382,primary_ml,Established
SKU097,2026-02-23,344.142534459562,primary_ml,Established
SKU098,2026-02-23,334.1375853726813,primary_ml,Established
SKU004,2026-01-05,519.125,category_fallback,Medium
SKU005,2026-01-05,519.1860465116279,category_fallback,Medium
SKU006,2026-01-05,507.725,category_fallback,Medium
SKU008,2026-01-05,522.4545454545455,category_fallback,Medium
SKU016,2026-01-05,492.3211669921875,category_fallback,Low
SKU022,2026-01-05,524.925925925926,category_fallback,Medium
SKU028,2026-01-05,527.0,category_fallback,Medium
SKU040,2026-01-05,492.2708333333333,category_fallback,Medium
SKU049,2026-01-05,484.35,category_fallback,Medium
SKU051,2026-01-05,469.41379310344826,category_fallback,Medium
SKU055,2026-01-05,491.3,category_fallback,Medium
SKU062,2026-01-05,391.78895563770794,category_fallback,Low
SKU067,2026-01-05,405.9487179487179,category_fallback,Medium
SKU068,2026-01-05,408.4130434782609,category_fallback,Medium
SKU071,2026-01-05,425.12228897104126,category_fallback,Low
SKU079,2026-01-05,323.4497407593243,category_fallback,Low
SKU083,2026-01-05,374.40425531914894,category_fallback,Medium
SKU084,2026-01-05,365.741407425991,category_fallback,Low
SKU088,2026-01-05,387.666407425991,category_fallback,Low
SKU091,2026-01-05,345.2972972972973,category_fallback,Medium
SKU096,2026-01-05,351.8706204736739,category_fallback,Low
SKU099,2026-01-05,341.14285714285717,category_fallback,Medium
SKU100,2026-01-05,335.12886223191566,category_fallback,Low
SKU004,2026-01-12,519.125,category_fallback,Medium
SKU005,2026-01-12,519.1860465116279,category_fallback,Medium
SKU006,2026-01-12,507.725,category_fallback,Medium
SKU008,2026-01-12,522.4545454545455,category_fallback,Medium
SKU016,2026-01-12,492.3211669921875,category_fallback,Low
SKU022,2026-01-12,524.925925925926,category_fallback,Medium
SKU028,2026-01-12,527.0,category_fallback,Medium
SKU040,2026-01-12,492.2708333333333,category_fallback,Medium
SKU049,2026-01-12,484.35,category_fallback,Medium
SKU051,2026-01-12,469.41379310344826,category_fallback,Medium
SKU055,2026-01-12,491.3,category_fallback,Medium
SKU062,2026-01-12,391.78895563770794,category_fallback,Low
SKU067,2026-01-12,405.9487179487179,category_fallback,Medium
SKU068,2026-01-12,408.4130434782609,category_fallback,Medium
SKU071,2026-01-12,425.12228897104126,category_fallback,Low
SKU079,2026-01-12,323.4497407593243,category_fallback,Low
SKU083,2026-01-12,374.40425531914894,category_fallback,Medium
SKU084,2026-01-12,365.741407425991,category_fallback,Low
SKU088,2026-01-12,387.666407425991,category_fallback,Low
SKU091,2026-01-12,345.2972972972973,category_fallback,Medium
SKU096,2026-01-12,351.8706204736739,category_fallback,Low
SKU099,2026-01-12,341.14285714285717,category_fallback,Medium
SKU100,2026-01-12,335.12886223191566,category_fallback,Low
SKU004,2026-01-19,519.125,category_fallback,Medium
SKU005,2026-01-19,519.1860465116279,category_fallback,Medium
SKU006,2026-01-19,507.725,category_fallback,Medium
SKU008,2026-01-19,522.4545454545455,category_fallback,Medium
SKU016,2026-01-19,492.3211669921875,category_fallback,Low
SKU022,2026-01-19,524.925925925926,category_fallback,Medium
SKU028,2026-01-19,527.0,category_fallback,Medium
SKU040,2026-01-19,492.2708333333333,category_fallback,Medium
SKU049,2026-01-19,484.35,category_fallback,Medium
SKU051,2026-01-19,469.41379310344826,category_fallback,Medium
SKU055,2026-01-19,491.3,category_fallback,Medium
SKU062,2026-01-19,391.78895563770794,category_fallback,Low
SKU067,2026-01-19,405.9487179487179,category_fallback,Medium
SKU068,2026-01-19,408.4130434782609,category_fallback,Medium
SKU071,2026-01-19,425.12228897104126,category_fallback,Low
SKU079,2026-01-19,323.4497407593243,category_fallback,Low
SKU083,2026-01-19,374.40425531914894,category_fallback,Medium
SKU084,2026-01-19,365.741407425991,category_fallback,Low
SKU088,2026-01-19,387.666407425991,category_fallback,Low
SKU091,2026-01-19,345.2972972972973,category_fallback,Medium
SKU096,2026-01-19,351.8706204736739,category_fallback,Low
SKU099,2026-01-19,341.14285714285717,category_fallback,Medium
SKU100,2026-01-19,335.12886223191566,category_fallback,Low
SKU004,2026-01-26,519.125,category_fallback,Medium
SKU005,2026-01-26,519.1860465116279,category_fallback,Medium
SKU006,2026-01-26,507.725,category_fallback,Medium
SKU008,2026-01-26,522.4545454545455,category_fallback,Medium
SKU016,2026-01-26,492.3211669921875,category_fallback,Low
SKU022,2026-01-26,524.925925925926,category_fallback,Medium
SKU028,2026-01-26,527.0,category_fallback,Medium
SKU040,2026-01-26,492.2708333333333,category_fallback,Medium
SKU049,2026-01-26,484.35,category_fallback,Medium
SKU051,2026-01-26,469.41379310344826,category_fallback,Medium
SKU055,2026-01-26,491.3,category_fallback,Medium
SKU062,2026-01-26,391.78895563770794,category_fallback,Low
SKU067,2026-01-26,405.9487179487179,category_fallback,Medium
SKU068,2026-01-26,408.4130434782609,category_fallback,Medium
SKU071,2026-01-26,425.12228897104126,category_fallback,Low
SKU079,2026-01-26,323.4497407593243,category_fallback,Low
SKU083,2026-01-26,374.40425531914894,category_fallback,Medium
SKU084,2026-01-26,365.741407425991,category_fallback,Low
SKU088,2026-01-26,387.666407425991,category_fallback,Low
SKU091,2026-01-26,345.2972972972973,category_fallback,Medium
SKU096,2026-01-26,351.8706204736739,category_fallback,Low
SKU099,2026-01-26,341.14285714285717,category_fallback,Medium
SKU100,2026-01-26,335.12886223191566,category_fallback,Low
SKU004,2026-02-02,519.125,category_fallback,Medium
SKU005,2026-02-02,519.1860465116279,category_fallback,Medium
SKU006,2026-02-02,507.725,category_fallback,Medium
SKU008,2026-02-02,522.4545454545455,category_fallback,Medium
SKU016,2026-02-02,492.3211669921875,category_fallback,Low
SKU022,2026-02-02,524.925925925926,category_fallback,Medium
SKU028,2026-02-02,527.0,category_fallback,Medium
SKU040,2026-02-02,492.2708333333333,category_fallback,Medium
SKU049,2026-02-02,484.35,category_fallback,Medium
SKU051,2026-02-02,469.41379310344826,category_fallback,Medium
SKU055,2026-02-02,491.3,category_fallback,Medium
SKU062,2026-02-02,391.78895563770794,category_fallback,Low
SKU067,2026-02-02,405.9487179487179,category_fallback,Medium
SKU068,2026-02-02,408.4130434782609,category_fallback,Medium
SKU071,2026-02-02,425.12228897104126,category_fallback,Low
SKU079,2026-02-02,323.4497407593243,category_fallback,Low
SKU083,2026-02-02,374.40425531914894,category_fallback,Medium
SKU084,2026-02-02,365.741407425991,category_fallback,Low
SKU088,2026-02-02,387.666407425991,category_fallback,Low
SKU091,2026-02-02,345.2972972972973,category_fallback,Medium
SKU096,2026-02-02,351.8706204736739,category_fallback,Low
SKU099,2026-02-02,341.14285714285717,category_fallback,Medium
SKU100,2026-02-02,335.12886223191566,category_fallback,Low
SKU004,2026-02-09,519.125,category_fallback,Medium
SKU005,2026-02-09,519.1860465116279,category_fallback,Medium
SKU006,2026-02-09,507.725,category_fallback,Medium
SKU008,2026-02-09,522.4545454545455,category_fallback,Medium
SKU016,2026-02-09,492.3211669921875,category_fallback,Low
SKU022,2026-02-09,524.925925925926,category_fallback,Medium
SKU028,2026-02-09,527.0,category_fallback,Medium
SKU040,2026-02-09,492.2708333333333,category_fallback,Medium
SKU049,2026-02-09,484.35,category_fallback,Medium
SKU051,2026-02-09,469.41379310344826,category_fallback,Medium
SKU055,2026-02-09,491.3,category_fallback,Medium
SKU062,2026-02-09,391.78895563770794,category_fallback,Low
SKU067,2026-02-09,405.9487179487179,category_fallback,Medium
SKU068,2026-02-09,408.4130434782609,category_fallback,Medium
SKU071,2026-02-09,425.12228897104126,category_fallback,Low
SKU079,2026-02-09,323.4497407593243,category_fallback,Low
SKU083,2026-02-09,374.40425531914894,category_fallback,Medium
SKU084,2026-02-09,365.741407425991,category_fallback,Low
SKU088,2026-02-09,387.666407425991,category_fallback,Low
SKU091,2026-02-09,345.2972972972973,category_fallback,Medium
SKU096,2026-02-09,351.8706204736739,category_fallback,Low
SKU099,2026-02-09,341.14285714285717,category_fallback,Medium
SKU100,2026-02-09,335.12886223191566,category_fallback,Low
SKU004,2026-02-16,519.125,category_fallback,Medium
SKU005,2026-02-16,519.1860465116279,category_fallback,Medium
SKU006,2026-02-16,507.725,category_fallback,Medium
SKU008,2026-02-16,522.4545454545455,category_fallback,Medium
SKU016,2026-02-16,492.3211669921875,category_fallback,Low
SKU022,2026-02-16,524.925925925926,category_fallback,Medium
SKU028,2026-02-16,527.0,category_fallback,Medium
SKU040,2026-02-16,492.2708333333333,category_fallback,Medium
SKU049,2026-02-16,484.35,category_fallback,Medium
SKU051,2026-02-16,469.41379310344826,category_fallback,Medium
SKU055,2026-02-16,491.3,category_fallback,Medium
SKU062,2026-02-16,391.78895563770794,category_fallback,Low
SKU067,2026-02-16,405.9487179487179,category_fallback,Medium
SKU068,2026-02-16,408.4130434782609,category_fallback,Medium
SKU071,2026-02-16,425.12228897104126,category_fallback,Low
SKU079,2026-02-16,323.4497407593243,category_fallback,Low
SKU083,2026-02-16,374.40425531914894,category_fallback,Medium
SKU084,2026-02-16,365.741407425991,category_fallback,Low
SKU088,2026-02-16,387.666407425991,category_fallback,Low
SKU091,2026-02-16,345.2972972972973,category_fallback,Medium
SKU096,2026-02-16,351.8706204736739,category_fallback,Low
SKU099,2026-02-16,341.14285714285717,category_fallback,Medium
SKU100,2026-02-16,335.12886223191566,category_fallback,Low
SKU004,2026-02-23,519.125,category_fallback,Medium
SKU005,2026-02-23,519.1860465116279,category_fallback,Medium
SKU006,2026-02-23,507.725,category_fallback,Medium
SKU008,2026-02-23,522.4545454545455,category_fallback,Medium
SKU016,2026-02-23,492.3211669921875,category_fallback,Low
SKU022,2026-02-23,524.925925925926,category_fallback,Medium
SKU028,2026-02-23,527.0,category_fallback,Medium
SKU040,2026-02-23,492.2708333333333,category_fallback,Medium
SKU049,2026-02-23,484.35,category_fallback,Medium
SKU051,2026-02-23,469.41379310344826,category_fallback,Medium
SKU055,2026-02-23,491.3,category_fallback,Medium
SKU062,2026-02-23,391.78895563770794,category_fallback,Low
SKU067,2026-02-23,405.9487179487179,category_fallback,Medium
SKU068,2026-02-23,408.4130434782609,category_fallback,Medium
SKU071,2026-02-23,425.12228897104126,category_fallback,Low
SKU079,2026-02-23,323.4497407593243,category_fallback,Low
SKU083,2026-02-23,374.40425531914894,category_fallback,Medium
SKU084,2026-02-23,365.741407425991,category_fallback,Low
SKU088,2026-02-23,387.666407425991,category_fallback,Low
SKU091,2026-02-23,345.2972972972973,category_fallback,Medium
SKU096,2026-02-23,351.8706204736739,category_fallback,Low
SKU099,2026-02-23,341.14285714285717,category_fallback,Medium
SKU100,2026-02-23,335.12886223191566,category_fallback,Low
